,0
1,aardvark
2,aardwolf
3,aaron
4,aback
5,abacus
6,abaft
7,abalone
8,abandon
9,abandoned
10,abandonment
11,abandons
12,abase
13,abased
14,abasement
15,abash
16,abashed
17,abate
18,abated
19,abatement
20,abates
21,abattoir
22,abattoirs
23,abbe
24,abbess
25,abbey
26,abbeys
27,abbot
28,abbots
29,abbreviate
30,abbreviated
31,abbreviates
32,abbreviating
33,abbreviation
34,abbreviations
35,abdicate
36,abdicated
37,abdicates
38,abdicating
39,abdication
40,abdomen
41,abdomens
42,abdominal
43,abduct
44,abducted
45,abducting
46,abduction
47,abductions
48,abductor
49,abductors
50,abducts
51,abe
52,abeam
53,abel
54,abele
55,aberdeen
56,aberrant
57,aberration
58,aberrations
59,abet
60,abets
61,abetted
62,abetting
63,abeyance
64,abhor
65,abhorred
66,abhorrence
67,abhorrent
68,abhors
69,abide
70,abided
71,abides
72,abiding
73,abidjan
74,abies
75,abilities
76,ability
77,abject
78,abjectly
79,abjure
80,abjured
81,ablate
82,ablates
83,ablating
84,ablation
85,ablative
86,ablaze
87,able
88,ablebodied
89,abler
90,ablest
91,abloom
92,ablution
93,ablutions
94,ably
95,abnegation
96,abnormal
97,abnormalities
98,abnormality
99,abnormally
100,aboard
101,abode
102,abodes
103,abolish
104,abolished
105,abolishes
106,abolishing
107,abolition
108,abolitionist
109,abolitionists
110,abomb
111,abominable
112,abominably
113,abominate
114,abominated
115,abomination
116,abominations
117,aboriginal
118,aborigines
119,abort
120,aborted
121,aborting
122,abortion
123,abortionist
124,abortionists
125,abortions
126,abortive
127,aborts
128,abound
129,abounded
130,abounding
131,abounds